<?xml version="1.0" encoding="UTF-8"?>
<beans xmlns="http://www.springframework.org/schema/beans"
	xmlns:xsi="http://www.w3.org/2001/XMLSchema-instance"
	xsi:schemaLocation="http://www.springframework.org/schema/beans 
						http://www.springframework.org/schema/beans/spring-beans-3.0.xsd">
						
	<bean id="connectionMaker" class="com.kitec.springframe.dao.DConnectionMaker">
		<property name="driverClass" value="com.mysql.jdbc.Driver" />
		<property name="url" value="jdbc:mysql://localhost:3306/sbdt_db1?characterEncoding=UTF-8" />
		<property name="username" value="root" />
		<property name="password" value="1234" /> 
	</bean>

	<bean id="userDao" class="com.kitec.springframe.dao.UserDao">
		<property name="connectionMaker" ref="connectionMaker" />
	</bean>
</beans>