<?xml version="1.0" encoding="UTF-8"?>
<sqlmap xmlns="http://www.epril.com/sqlmap" xmlns:xsi="http://www.w3.org/2001/XMLSchema-instance"
	xsi:schemaLocation="http://www.epril.com/sqlmap ../../sqlmap.xsd ">
	<sql key="userAdd">insert into users(id, name, password, email, level, login, recommend) values(?,?,?,?,?,?,?)</sql>
	<sql key="userGet">select * from users where id = ?</sql>
	<sql key="userGetAll">select * from users order by id</sql>
	<sql key="userDeleteAll">delete from users</sql>
	<sql key="userGetCount">select count(*) from users</sql>
	<sql key="userUpdate">update users set name = ?, password = ?, email = ?, level = ?, login = ?, recommend = ? where id = ?</sql>
</sqlmap>